[
{
    "model": "game.player",
    "pk": 1,
    "fields": {
        "game": 1,
        "user": 2,
        "game_piece": 1,
        "starting_game_piece": 1,
        "completed_time": null,
        "order": 2,
        "starting_position": 43
    }
},
{
    "model": "game.player",
    "pk": 2,
    "fields": {
        "game": 1,
        "user": 1,
        "game_piece": 38,
        "starting_game_piece": 38,
        "completed_time": null,
        "order": 1,
        "starting_position": 1
    }
},
{
    "model": "game.playerturn",
    "pk": 1,
    "fields": {
        "player": 1,
        "turn_status": 2,
        "spare_square_inserted_into": "top",
        "spare_square_inserted_at": 2
    }
},
{
    "model": "game.playerturn",
    "pk": 2,
    "fields": {
        "player": 2,
        "turn_status": 1,
        "spare_square_inserted_into": null,
        "spare_square_inserted_at": null
    }
},
{
    "model": "game.playercollectableitem",
    "pk": 1,
    "fields": {
        "player": 2,
        "collectable_item": 26,
        "order": 1,
        "collected": false
    }
},
{
    "model": "game.playercollectableitem",
    "pk": 2,
    "fields": {
        "player": 2,
        "collectable_item": 13,
        "order": 2,
        "collected": false
    }
},
{
    "model": "game.playercollectableitem",
    "pk": 3,
    "fields": {
        "player": 2,
        "collectable_item": 20,
        "order": 3,
        "collected": false
    }
},
{
    "model": "game.playercollectableitem",
    "pk": 4,
    "fields": {
        "player": 2,
        "collectable_item": 25,
        "order": 4,
        "collected": false
    }
},
{
    "model": "game.playercollectableitem",
    "pk": 5,
    "fields": {
        "player": 2,
        "collectable_item": 18,
        "order": 5,
        "collected": false
    }
},
{
    "model": "game.playercollectableitem",
    "pk": 6,
    "fields": {
        "player": 2,
        "collectable_item": 4,
        "order": 6,
        "collected": false
    }
},
{
    "model": "game.playercollectableitem",
    "pk": 7,
    "fields": {
        "player": 2,
        "collectable_item": 24,
        "order": 7,
        "collected": false
    }
},
{
    "model": "game.playercollectableitem",
    "pk": 8,
    "fields": {
        "player": 2,
        "collectable_item": 19,
        "order": 8,
        "collected": false
    }
},
{
    "model": "game.playercollectableitem",
    "pk": 9,
    "fields": {
        "player": 2,
        "collectable_item": 6,
        "order": 9,
        "collected": false
    }
},
{
    "model": "game.playercollectableitem",
    "pk": 10,
    "fields": {
        "player": 2,
        "collectable_item": 23,
        "order": 10,
        "collected": false
    }
},
{
    "model": "game.playercollectableitem",
    "pk": 11,
    "fields": {
        "player": 2,
        "collectable_item": 22,
        "order": 11,
        "collected": false
    }
},
{
    "model": "game.playercollectableitem",
    "pk": 12,
    "fields": {
        "player": 2,
        "collectable_item": 16,
        "order": 12,
        "collected": false
    }
},
{
    "model": "game.playercollectableitem",
    "pk": 13,
    "fields": {
        "player": 1,
        "collectable_item": 27,
        "order": 1,
        "collected": false
    }
},
{
    "model": "game.playercollectableitem",
    "pk": 14,
    "fields": {
        "player": 1,
        "collectable_item": 30,
        "order": 2,
        "collected": false
    }
},
{
    "model": "game.playercollectableitem",
    "pk": 15,
    "fields": {
        "player": 1,
        "collectable_item": 1,
        "order": 3,
        "collected": false
    }
},
{
    "model": "game.playercollectableitem",
    "pk": 16,
    "fields": {
        "player": 1,
        "collectable_item": 21,
        "order": 4,
        "collected": false
    }
},
{
    "model": "game.playercollectableitem",
    "pk": 17,
    "fields": {
        "player": 1,
        "collectable_item": 11,
        "order": 5,
        "collected": false
    }
},
{
    "model": "game.playercollectableitem",
    "pk": 18,
    "fields": {
        "player": 1,
        "collectable_item": 15,
        "order": 6,
        "collected": false
    }
},
{
    "model": "game.playercollectableitem",
    "pk": 19,
    "fields": {
        "player": 1,
        "collectable_item": 28,
        "order": 7,
        "collected": false
    }
},
{
    "model": "game.playercollectableitem",
    "pk": 20,
    "fields": {
        "player": 1,
        "collectable_item": 5,
        "order": 8,
        "collected": false
    }
},
{
    "model": "game.playercollectableitem",
    "pk": 21,
    "fields": {
        "player": 1,
        "collectable_item": 9,
        "order": 9,
        "collected": false
    }
},
{
    "model": "game.playercollectableitem",
    "pk": 22,
    "fields": {
        "player": 1,
        "collectable_item": 32,
        "order": 10,
        "collected": false
    }
},
{
    "model": "game.playercollectableitem",
    "pk": 23,
    "fields": {
        "player": 1,
        "collectable_item": 29,
        "order": 11,
        "collected": false
    }
},
{
    "model": "game.playercollectableitem",
    "pk": 24,
    "fields": {
        "player": 1,
        "collectable_item": 7,
        "order": 12,
        "collected": false
    }
},
{
    "model": "game.gamepiece",
    "pk": 1,
    "fields": {
        "game": 1,
        "orientation": 3,
        "collectable_item": null,
        "order": 43
    }
},
{
    "model": "game.gamepiece",
    "pk": 2,
    "fields": {
        "game": 1,
        "orientation": 3,
        "collectable_item": 13,
        "order": 38
    }
},
{
    "model": "game.gamepiece",
    "pk": 3,
    "fields": {
        "game": 1,
        "orientation": 4,
        "collectable_item": 22,
        "order": 44
    }
},
{
    "model": "game.gamepiece",
    "pk": 4,
    "fields": {
        "game": 1,
        "orientation": 10,
        "collectable_item": null,
        "order": 4
    }
},
{
    "model": "game.gamepiece",
    "pk": 5,
    "fields": {
        "game": 1,
        "orientation": 8,
        "collectable_item": 6,
        "order": 21
    }
},
{
    "model": "game.gamepiece",
    "pk": 6,
    "fields": {
        "game": 1,
        "orientation": 2,
        "collectable_item": null,
        "order": 23
    }
},
{
    "model": "game.gamepiece",
    "pk": 7,
    "fields": {
        "game": 1,
        "orientation": 4,
        "collectable_item": null,
        "order": 12
    }
},
{
    "model": "game.gamepiece",
    "pk": 8,
    "fields": {
        "game": 1,
        "orientation": 10,
        "collectable_item": null,
        "order": 30
    }
},
{
    "model": "game.gamepiece",
    "pk": 9,
    "fields": {
        "game": 1,
        "orientation": 10,
        "collectable_item": null,
        "order": 48
    }
},
{
    "model": "game.gamepiece",
    "pk": 10,
    "fields": {
        "game": 1,
        "orientation": 4,
        "collectable_item": null,
        "order": 37
    }
},
{
    "model": "game.gamepiece",
    "pk": 11,
    "fields": {
        "game": 1,
        "orientation": 5,
        "collectable_item": 23,
        "order": 11
    }
},
{
    "model": "game.gamepiece",
    "pk": 12,
    "fields": {
        "game": 1,
        "orientation": 9,
        "collectable_item": null,
        "order": 20
    }
},
{
    "model": "game.gamepiece",
    "pk": 13,
    "fields": {
        "game": 1,
        "orientation": 10,
        "collectable_item": null,
        "order": 24
    }
},
{
    "model": "game.gamepiece",
    "pk": 14,
    "fields": {
        "game": 1,
        "orientation": 2,
        "collectable_item": null,
        "order": 27
    }
},
{
    "model": "game.gamepiece",
    "pk": 15,
    "fields": {
        "game": 1,
        "orientation": 5,
        "collectable_item": 11,
        "order": 3
    }
},
{
    "model": "game.gamepiece",
    "pk": 16,
    "fields": {
        "game": 1,
        "orientation": 9,
        "collectable_item": null,
        "order": 13
    }
},
{
    "model": "game.gamepiece",
    "pk": 17,
    "fields": {
        "game": 1,
        "orientation": 6,
        "collectable_item": 29,
        "order": 45
    }
},
{
    "model": "game.gamepiece",
    "pk": 18,
    "fields": {
        "game": 1,
        "orientation": 9,
        "collectable_item": null,
        "order": 39
    }
},
{
    "model": "game.gamepiece",
    "pk": 19,
    "fields": {
        "game": 1,
        "orientation": 8,
        "collectable_item": 15,
        "order": 35
    }
},
{
    "model": "game.gamepiece",
    "pk": 20,
    "fields": {
        "game": 1,
        "orientation": 9,
        "collectable_item": null,
        "order": 14
    }
},
{
    "model": "game.gamepiece",
    "pk": 21,
    "fields": {
        "game": 1,
        "orientation": 7,
        "collectable_item": 16,
        "order": 18
    }
},
{
    "model": "game.gamepiece",
    "pk": 22,
    "fields": {
        "game": 1,
        "orientation": 10,
        "collectable_item": null,
        "order": 34
    }
},
{
    "model": "game.gamepiece",
    "pk": 23,
    "fields": {
        "game": 1,
        "orientation": 1,
        "collectable_item": null,
        "order": 26
    }
},
{
    "model": "game.gamepiece",
    "pk": 24,
    "fields": {
        "game": 1,
        "orientation": 6,
        "collectable_item": 30,
        "order": 47
    }
},
{
    "model": "game.gamepiece",
    "pk": 25,
    "fields": {
        "game": 1,
        "orientation": 2,
        "collectable_item": null,
        "order": 2
    }
},
{
    "model": "game.gamepiece",
    "pk": 26,
    "fields": {
        "game": 1,
        "orientation": 1,
        "collectable_item": null,
        "order": 9
    }
},
{
    "model": "game.gamepiece",
    "pk": 27,
    "fields": {
        "game": 1,
        "orientation": 3,
        "collectable_item": 25,
        "order": 46
    }
},
{
    "model": "game.gamepiece",
    "pk": 28,
    "fields": {
        "game": 1,
        "orientation": 3,
        "collectable_item": null,
        "order": 32
    }
},
{
    "model": "game.gamepiece",
    "pk": 29,
    "fields": {
        "game": 1,
        "orientation": 5,
        "collectable_item": 4,
        "order": 5
    }
},
{
    "model": "game.gamepiece",
    "pk": 30,
    "fields": {
        "game": 1,
        "orientation": 7,
        "collectable_item": 24,
        "order": 15
    }
},
{
    "model": "game.gamepiece",
    "pk": 31,
    "fields": {
        "game": 1,
        "orientation": 10,
        "collectable_item": null,
        "order": 25
    }
},
{
    "model": "game.gamepiece",
    "pk": 32,
    "fields": {
        "game": 1,
        "orientation": 4,
        "collectable_item": 9,
        "order": 36
    }
},
{
    "model": "game.gamepiece",
    "pk": 33,
    "fields": {
        "game": 1,
        "orientation": 2,
        "collectable_item": null,
        "order": 10
    }
},
{
    "model": "game.gamepiece",
    "pk": 34,
    "fields": {
        "game": 1,
        "orientation": 2,
        "collectable_item": 5,
        "order": 6
    }
},
{
    "model": "game.gamepiece",
    "pk": 35,
    "fields": {
        "game": 1,
        "orientation": 10,
        "collectable_item": null,
        "order": 28
    }
},
{
    "model": "game.gamepiece",
    "pk": 36,
    "fields": {
        "game": 1,
        "orientation": 1,
        "collectable_item": null,
        "order": null
    }
},
{
    "model": "game.gamepiece",
    "pk": 37,
    "fields": {
        "game": 1,
        "orientation": 7,
        "collectable_item": 20,
        "order": 40
    }
},
{
    "model": "game.gamepiece",
    "pk": 38,
    "fields": {
        "game": 1,
        "orientation": 1,
        "collectable_item": null,
        "order": 1
    }
},
{
    "model": "game.gamepiece",
    "pk": 39,
    "fields": {
        "game": 1,
        "orientation": 8,
        "collectable_item": 7,
        "order": 22
    }
},
{
    "model": "game.gamepiece",
    "pk": 40,
    "fields": {
        "game": 1,
        "orientation": 8,
        "collectable_item": 18,
        "order": 33
    }
},
{
    "model": "game.gamepiece",
    "pk": 41,
    "fields": {
        "game": 1,
        "orientation": 7,
        "collectable_item": 32,
        "order": 17
    }
},
{
    "model": "game.gamepiece",
    "pk": 42,
    "fields": {
        "game": 1,
        "orientation": 5,
        "collectable_item": 28,
        "order": 19
    }
},
{
    "model": "game.gamepiece",
    "pk": 43,
    "fields": {
        "game": 1,
        "orientation": 6,
        "collectable_item": 19,
        "order": 31
    }
},
{
    "model": "game.gamepiece",
    "pk": 44,
    "fields": {
        "game": 1,
        "orientation": 9,
        "collectable_item": null,
        "order": 16
    }
},
{
    "model": "game.gamepiece",
    "pk": 45,
    "fields": {
        "game": 1,
        "orientation": 4,
        "collectable_item": 1,
        "order": 42
    }
},
{
    "model": "game.gamepiece",
    "pk": 46,
    "fields": {
        "game": 1,
        "orientation": 5,
        "collectable_item": 27,
        "order": 41
    }
},
{
    "model": "game.gamepiece",
    "pk": 47,
    "fields": {
        "game": 1,
        "orientation": 4,
        "collectable_item": null,
        "order": 49
    }
},
{
    "model": "game.gamepiece",
    "pk": 48,
    "fields": {
        "game": 1,
        "orientation": 7,
        "collectable_item": 26,
        "order": 29
    }
},
{
    "model": "game.gamepiece",
    "pk": 49,
    "fields": {
        "game": 1,
        "orientation": 2,
        "collectable_item": null,
        "order": 7
    }
},
{
    "model": "game.gamepiece",
    "pk": 50,
    "fields": {
        "game": 1,
        "orientation": 7,
        "collectable_item": 21,
        "order": 8
    }
},
{
    "model": "game.game",
    "pk": 1,
    "fields": {
        "creator": 1,
        "current_player": 2,
        "winner": null,
        "status": 2
    }
}
]
